-- use mydb;
-------------- "Таблица state" 
INSERT INTO `mydb`.`state` (`id`,`name`) VALUES (1,'Комплектование');
INSERT INTO `mydb`.`state` (`id`,`name`) VALUES (2,'Закупка');
INSERT INTO `mydb`.`state` (`id`,`name`) VALUES (3,'Закупка - Согласование договора');
INSERT INTO `mydb`.`state` (`id`,`name`) VALUES (4,'Закупка - Исполнение договора');
INSERT INTO `mydb`.`state` (`id`,`name`) VALUES (5,'Укомплектован');

-------------- "Таблица type" 
INSERT INTO `mydb`.`type` (`id`,`name`) VALUES (1,'Сборочная единица');
INSERT INTO `mydb`.`type` (`id`,`name`) VALUES (2,'Материал');
INSERT INTO `mydb`.`type` (`id`,`name`) VALUES (3,'Деталь');
INSERT INTO `mydb`.`type` (`id`,`name`) VALUES (4,'Программное обеспечение');
INSERT INTO `mydb`.`type` (`id`,`name`) VALUES (5,'Комплект');
INSERT INTO `mydb`.`type` (`id`,`name`) VALUES (6,'Комплект принадлежностей');
INSERT INTO `mydb`.`type` (`id`,`name`) VALUES (7,'Прочее изделие');
INSERT INTO `mydb`.`type` (`id`,`name`) VALUES (8,'Часть прочего изделия');
INSERT INTO `mydb`.`type` (`id`,`name`) VALUES (9,'Документ');
INSERT INTO `mydb`.`type` (`id`,`name`) VALUES (11,'Стандартное изделие');

-------------- "Таблица contracttype"
INSERT INTO `mydb`.`contracttype` (`id`,`name`) VALUES (1,'Сервис');
INSERT INTO `mydb`.`contracttype` (`id`,`name`) VALUES (2,'Серия');

-------------- "Таблица product"
INSERT INTO `mydb`.`product` (`id`, `name`, `code`, `isMain`, `count`, `idType`, `idState`) VALUES ('1', 'ВОЙСКОВОЙ «ЭЛЕКТРОННЫЙ ПОЛИГОН» ДЛЯ УДАРНЫХ ВЕРТОЛЕТНЫХ КОМПЛЕКСОВ (УМВПК-ВЭП-УВК)', 'ТСЮИ.461271.090', '1', '1', '1', '1');
INSERT INTO `mydb`.`product` (`id`, `name`, `code`, `isMain`, `count`, `idType`, `idState`) VALUES ('2', 'Система имитации разрывов полевая многоразовая (ПМСИР-С) ', 'ТСЮИ.461214.005', '1', '8', '1', '1');
INSERT INTO `mydb`.`product` (`id`, `name`, `code`, `isMain`, `count`, `idType`, `idState`) VALUES ('3', 'Система мишенной обстановки (СМО-С)', 'ТСЮИ.461214.006', '1', '1', '1', '1');
INSERT INTO `mydb`.`product` (`id`, `name`, `code`, `isMain`, `count`, `idType`, `idState`) VALUES ('4', 'Комплект имитатора средств связи, наблюдения и управления передового авианаводчика (КИ ССНУ ПАН-С)', 'ТСЮИ.461963.002', '1', '1', '1', '1');
INSERT INTO `mydb`.`product` (`id`, `name`, `code`, `isMain`, `count`, `idType`, `idState`) VALUES ('5', 'Имитатор пуска и наведения оружия бортовой электронный (БЭИПНО УВК Ми-28Н)', 'ТСЮИ.462989.004', '1', '8', '1', '1');
INSERT INTO `mydb`.`product` (`id`, `name`, `code`, `isMain`, `count`, `idType`, `idState`) VALUES ('6', 'Имитатор пуска и наведения оружия бортовой электронный (БЭИПНО УВК Ка-52)', 'ТСЮИ.462989.005', '1', '1', '1', '1');
INSERT INTO `mydb`.`product` (`id`, `name`, `code`, `isMain`, `count`, `idType`, `idState`) VALUES ('7', 'Пункт контроля и управления тренировкой наземный (НПКУ)', 'ТСЮИ.468369.054', '1', '1', '1', '1');
INSERT INTO `mydb`.`product` (`id`, `name`, `code`, `isMain`, `count`, `idType`, `idState`) VALUES ('8', 'Схема электрическая общая', 'ТСЮИ.461271.090Э6', '0', '1', '9', '1');
INSERT INTO `mydb`.`product` (`id`, `name`, `code`, `isMain`, `count`, `idType`, `idState`) VALUES ('9', 'Ведомость покупных изделий', 'ТСЮИ.461271.090ВП', '0', '1', '9', '1');
INSERT INTO `mydb`.`product` (`id`, `name`, `code`, `isMain`, `count`, `idType`, `idState`) VALUES ('10', 'Технические условия', 'ТСЮИ.461271.090ТУ', '0', '1', '9', '1');
INSERT INTO `mydb`.`product` (`id`, `name`, `code`, `isMain`, `count`, `idType`, `idState`) VALUES ('11', 'Технические условия Лист утверждения', 'ТСЮИ.461271.090ТУ-ЛУ', '0', '1', '9', '1');
INSERT INTO `mydb`.`product` (`id`, `name`, `code`, `isMain`, `count`, `idType`, `idState`) VALUES ('12', 'Руководство по эксплуатации', 'ТСЮИ.461271.090РЭ', '0', '1', '9', '1');
INSERT INTO `mydb`.`product` (`id`, `name`, `code`, `isMain`, `count`, `idType`, `idState`) VALUES ('13', 'Руководство по эксплуатации Лист утверждения', 'ТСЮИ.461271.090РЭ-ЛУ', '0', '1', '9', '1');
INSERT INTO `mydb`.`product` (`id`, `name`, `code`, `isMain`, `count`, `idType`, `idState`) VALUES ('14', 'Формуляр', 'ТСЮИ.461271.090ФО', '0', '1', '9', '1');
INSERT INTO `mydb`.`product` (`id`, `name`, `code`, `isMain`, `count`, `idType`, `idState`) VALUES ('15', 'Формуляр Лист утверждения', 'ТСЮИ.461271.090ФО-ЛУ', '0', '1', '9', '1');
INSERT INTO `mydb`.`product` (`id`, `name`, `code`, `isMain`, `count`, `idType`, `idState`) VALUES ('16', 'Ведомость ЗИП', 'ТСЮИ.461271.090ЗИ', '0', '1', '9', '1');
INSERT INTO `mydb`.`product` (`id`, `name`, `code`, `isMain`, `count`, `idType`, `idState`) VALUES ('17', 'Ведомость ЗИП Лист утверждения', 'ТСЮИ.461271.090ЗИ-ЛУ', '0', '1', '9', '1');
INSERT INTO `mydb`.`product` (`id`, `name`, `code`, `isMain`, `count`, `idType`, `idState`) VALUES ('18', 'Этикетка', 'ТСЮИ.754463.336-05', '0', '1', '3', '1');
INSERT INTO `mydb`.`product` (`id`, `name`, `code`, `isMain`, `count`, `idType`, `idState`) VALUES ('19', 'Ведомость эксплуатационных документов', 'ТСЮИ.461271.090ВЭ', '0', '1', '5', '1');
INSERT INTO `mydb`.`product` (`id`, `name`, `code`, `isMain`, `count`, `idType`, `idState`) VALUES ('20', 'Ведомость эксплуатационных документов Лист утверждения', 'ТСЮИ.461271.090ВЭ-ЛУ', '0', '1', '5', '1');
INSERT INTO `mydb`.`product` (`id`, `name`, `code`, `isMain`, `count`, `idType`, `idState`) VALUES ('21', 'Комплект инструмента и принадлежностей Навигационная аппаратура потребителей глобальных навигационных спутниковых систем ГЛОНАСС/GPS \"Бриз-КМ-ГС\"- навигационный гидрографический комплект  14Ц856', 'ТДЦК.461513.069', '0', '1', '5', '1');
INSERT INTO `mydb`.`product` (`id`, `name`, `code`, `isMain`, `count`, `idType`, `idState`) VALUES ('22', 'Упаковка', 'КЛИВ.305642.003', '0', '1', '5', '1');
INSERT INTO `mydb`.`product` (`id`, `name`, `code`, `isMain`, `count`, `idType`, `idState`) VALUES ('23', 'Схема электрическая соединений', 'ТСЮИ.468369.054Э4', '0', '1', '9', '1');
INSERT INTO `mydb`.`product` (`id`, `name`, `code`, `isMain`, `count`, `idType`, `idState`) VALUES ('24', 'Ведомость покупных изделий', 'ТСЮИ.468369.054ВП', '0', '1', '9', '1');
INSERT INTO `mydb`.`product` (`id`, `name`, `code`, `isMain`, `count`, `idType`, `idState`) VALUES ('25', 'Технические условия', 'ТСЮИ.468369.054ТУ', '0', '1', '9', '1');
INSERT INTO `mydb`.`product` (`id`, `name`, `code`, `isMain`, `count`, `idType`, `idState`) VALUES ('26', 'Технические условия Лист подтверждения', 'ТСЮИ.468369.054ТУ-ЛУ', '0', '1', '9', '1');
INSERT INTO `mydb`.`product` (`id`, `name`, `code`, `isMain`, `count`, `idType`, `idState`) VALUES ('27', 'Руководство по эксплуатации', 'ТСЮИ.468369.054РЭ', '0', '1', '9', '1');
INSERT INTO `mydb`.`product` (`id`, `name`, `code`, `isMain`, `count`, `idType`, `idState`) VALUES ('28', 'Руководство по экстплуатаии Лист утверждения', 'ТСЮИ.468369.054РЭ-ЛУ', '0', '1', '9', '1');
INSERT INTO `mydb`.`product` (`id`, `name`, `code`, `isMain`, `count`, `idType`, `idState`) VALUES ('29', 'Формуляр', 'ТСЮИ.468369.054ФО', '0', '1', '9', '1');
INSERT INTO `mydb`.`product` (`id`, `name`, `code`, `isMain`, `count`, `idType`, `idState`) VALUES ('30', 'Формуляр Лист подтверждения', 'ТСЮИ.468369.054ФО-ЛУ', '0', '1', '9', '1');
INSERT INTO `mydb`.`product` (`id`, `name`, `code`, `isMain`, `count`, `idType`, `idState`) VALUES ('31', 'Ведомость ЗИП', 'ТСЮИ.468369.054ЗИ', '0', '1', '9', '1');
INSERT INTO `mydb`.`product` (`id`, `name`, `code`, `isMain`, `count`, `idType`, `idState`) VALUES ('32', 'Ведомость ЗИП Лист утверждения', 'ТСЮИ.468369.054ЗИ-ЛУ', '0', '1', '9', '1');
INSERT INTO `mydb`.`product` (`id`, `name`, `code`, `isMain`, `count`, `idType`, `idState`) VALUES ('33', 'Блок питания ИКРЛ-С', 'ТСЮИ.436112.003', '0', '1', '1', '1');
INSERT INTO `mydb`.`product` (`id`, `name`, `code`, `isMain`, `count`, `idType`, `idState`) VALUES ('34', 'Комплекс управляюще-моделирующий УМК-С в том числе антенна GPS/ГЛОНАСС, ВЧ кабели, усилитель малошумящий МШУ, входящие в состав ОДС-Б', 'ТСЮИ.466539.004', '0', '1', '1', '1');
INSERT INTO `mydb`.`product` (`id`, `name`, `code`, `isMain`, `count`, `idType`, `idState`) VALUES ('35', 'Автоматизированное рабочее место оператора АРМ', 'ТСЮИ.468369.049', '0', '2', '1', '1');
INSERT INTO `mydb`.`product` (`id`, `name`, `code`, `isMain`, `count`, `idType`, `idState`) VALUES ('36', 'Этикетка', 'ТСЮИ.754463.336-03', '0', '1', '3', '1');
INSERT INTO `mydb`.`product` (`id`, `name`, `code`, `isMain`, `count`, `idType`, `idState`) VALUES ('37', 'Антенна Sirio GP 108-136 LB/UHF', 'б/ш',  '0', '2', '7', '1');
INSERT INTO `mydb`.`product` (`id`, `name`, `code`, `isMain`, `count`, `idType`, `idState`) VALUES ('38', 'Антенна базовая вертикальная A6 UHF(M)-6', 'ТУ 65.7700-048-01181481-01', '0', '2', '7', '1');
INSERT INTO `mydb`.`product` (`id`, `name`, `code`, `isMain`, `count`, `idType`, `idState`) VALUES ('39', 'Терминал наземный ИКРЛ-С', 'ИПДР.461341.031ТУ', '0', '1', '7', '1');
INSERT INTO `mydb`.`product` (`id`, `name`, `code`, `isMain`, `count`, `idType`, `idState`) VALUES ('40', 'Программное обеспечение пункта контроля и управления тренировкой наземного ПО НПКУ', 'ТСЮИ.02055-01', '0', '1', '4', '1');
INSERT INTO `mydb`.`product` (`id`, `name`, `code`, `isMain`, `count`, `idType`, `idState`) VALUES ('41', 'Программное обеспечение пункта контроля и управления тренировкой наземного ПО НПКУ Лист утверждения', 'ТСЮИ.02055-01-ЛУ', '0', '1', '4', '1');
INSERT INTO `mydb`.`product` (`id`, `name`, `code`, `isMain`, `count`, `idType`, `idState`) VALUES ('42', 'Загружаемая сцена', 'ЖЮФИ.072-18683123-14ТУ', '0', '1', '4', '1');
INSERT INTO `mydb`.`product` (`id`, `name`, `code`, `isMain`, `count`, `idType`, `idState`) VALUES ('43', 'Комплект модулей специализированного ПМО моделирования визуальной обстановки НПКУ войскового электронного полигона ударных вертолетных комплексов армейской авиации типа Ми-28Н, Ка-52 КМ (СПМО НПКУ)', 'ЛПТА.05023-01', '0', '1', '4', '1');
INSERT INTO `mydb`.`product` (`id`, `name`, `code`, `isMain`, `count`, `idType`, `idState`) VALUES ('44', 'Программное обеспечение ОС MS Windows', 'б/ш', '0', '2', '4', '1');
INSERT INTO `mydb`.`product` (`id`, `name`, `code`, `isMain`, `count`, `idType`, `idState`) VALUES ('45', 'Программный комплекс генерации изображения внекабинной обстановки «Радуга-КД»', 'ЖЮФИ.068-18683123-14ТУ', '0', '1', '4', '1');
INSERT INTO `mydb`.`product` (`id`, `name`, `code`, `isMain`, `count`, `idType`, `idState`) VALUES ('46', 'Ведомость эксплуатационных документов', 'ТСЮИ.468369.054ВЭ', '0', '1', '5', '1');
INSERT INTO `mydb`.`product` (`id`, `name`, `code`, `isMain`, `count`, `idType`, `idState`) VALUES ('47', 'Ведомость эксплуатационных документов Лист утверждения', 'ТСЮИ.468369.054ВЭ-ЛУ', '0', '1', '5', '1');
INSERT INTO `mydb`.`product` (`id`, `name`, `code`, `isMain`, `count`, `idType`, `idState`) VALUES ('48', 'Комплект монтажных частей', 'ТСЮИ.461921.081', '0', '4', '5', '1');
INSERT INTO `mydb`.`product` (`id`, `name`, `code`, `isMain`, `count`, `idType`, `idState`) VALUES ('49', 'Комплект монтажных частей', 'ТСЮИ.461921.081-01', '0', '4', '5', '1');
INSERT INTO `mydb`.`product` (`id`, `name`, `code`, `isMain`, `count`, `idType`, `idState`) VALUES ('50', 'Комплект монтажных частей', 'ТСЮИ.461921.081-02', '0', '4', '5', '1');
INSERT INTO `mydb`.`product` (`id`, `name`, `code`, `isMain`, `count`, `idType`, `idState`) VALUES ('51', 'Комплект монтажных частей', 'ТСЮИ.461921.096', '0', '1', '5', '1');
INSERT INTO `mydb`.`product` (`id`, `name`, `code`, `isMain`, `count`, `idType`, `idState`) VALUES ('52', 'Комплект инструмента', 'ТСЮИ.461924.051', '0', '1', '5', '1');
INSERT INTO `mydb`.`product` (`id`, `name`, `code`, `isMain`, `count`, `idType`, `idState`) VALUES ('53', 'Подъемное устройство mMAST-PU', 'б/ш', '0', '1', '6', '1');
INSERT INTO `mydb`.`product` (`id`, `name`, `code`, `isMain`, `count`, `idType`, `idState`) VALUES ('54', 'Электронный ключ с лицензией ЗАО «КБ Панорама»', 'б/ш', '0', '2', '6', '1');
INSERT INTO `mydb`.`product` (`id`, `name`, `code`, `isMain`, `count`, `idType`, `idState`) VALUES ('55', 'Схема электрическая соединений', 'ТСЮИ.461214.006Э4', '0', '1', '9', '1');
INSERT INTO `mydb`.`product` (`id`, `name`, `code`, `isMain`, `count`, `idType`, `idState`) VALUES ('56', 'Ведомость покупных изделий', 'ТСЮИ.461214.006ВП', '0', '1', '9', '1');
INSERT INTO `mydb`.`product` (`id`, `name`, `code`, `isMain`, `count`, `idType`, `idState`) VALUES ('57', 'Технические условия', 'ТСЮИ.461214.006ТУ', '0', '1', '9', '1');
INSERT INTO `mydb`.`product` (`id`, `name`, `code`, `isMain`, `count`, `idType`, `idState`) VALUES ('58', 'Технические условия Лист утверждения', 'ТСЮИ.461214.006ТУ-ЛУ', '0', '1', '9', '1');
INSERT INTO `mydb`.`product` (`id`, `name`, `code`, `isMain`, `count`, `idType`, `idState`) VALUES ('59', 'Руководство по эксплуатации', 'ТСЮИ.461214.006РЭ', '0', '1', '9', '1');
INSERT INTO `mydb`.`product` (`id`, `name`, `code`, `isMain`, `count`, `idType`, `idState`) VALUES ('60', 'Руководство по эксплуатации Лист утверждения', 'ТСЮИ.461214.006РЭ-ЛУ', '0', '1', '9', '1');
INSERT INTO `mydb`.`product` (`id`, `name`, `code`, `isMain`, `count`, `idType`, `idState`) VALUES ('61', 'Формуляр', 'ТСЮИ.461214.006ФО', '0', '1', '9', '1');
INSERT INTO `mydb`.`product` (`id`, `name`, `code`, `isMain`, `count`, `idType`, `idState`) VALUES ('62', 'Формуляр Лист утверждения', 'ТСЮИ.461214.006ФО-ЛУ', '0', '1', '9', '1');
INSERT INTO `mydb`.`product` (`id`, `name`, `code`, `isMain`, `count`, `idType`, `idState`) VALUES ('63', 'Ведомость ЗИП', 'ТСЮИ.461214.006ЗИ', '0', '1', '9', '1');
INSERT INTO `mydb`.`product` (`id`, `name`, `code`, `isMain`, `count`, `idType`, `idState`) VALUES ('64', 'Ведомость ЗИП Лист утверждения', 'ТСЮИ.461214.006ЗИ-ЛУ', '0', '1', '9', '1');
INSERT INTO `mydb`.`product` (`id`, `name`, `code`, `isMain`, `count`, `idType`, `idState`) VALUES ('65', 'Инструкция', 'КЛИВ.460829.003 И', '0', '1', '9', '1');
INSERT INTO `mydb`.`product` (`id`, `name`, `code`, `isMain`, `count`, `idType`, `idState`) VALUES ('66', 'Модуль базовый связи и управления МБСУ', 'ТСЮИ.468332.099', '0', '1', '1', '1');
INSERT INTO `mydb`.`product` (`id`, `name`, `code`, `isMain`, `count`, `idType`, `idState`) VALUES ('67', 'Кабель антенный', 'ТСЮИ.685661.461', '0', '1', '1', '1');
INSERT INTO `mydb`.`product` (`id`, `name`, `code`, `isMain`, `count`, `idType`, `idState`) VALUES ('68', 'Антенна вертикальная A5 UHF(M)-5', 'б/ш', '0', '1', '7', '1');
INSERT INTO `mydb`.`product` (`id`, `name`, `code`, `isMain`, `count`, `idType`, `idState`) VALUES ('69', 'Контейнер транспортно-пусковой унифицированный УТПК-С', 'МГИФ.776178.016ТУ', '0', '5', '7', '1');
INSERT INTO `mydb`.`product` (`id`, `name`, `code`, `isMain`, `count`, `idType`, `idState`) VALUES ('70', 'Макет танка Т-80', '7.200.06.004.00.000.00', '0', '3', '7', '1');
INSERT INTO `mydb`.`product` (`id`, `name`, `code`, `isMain`, `count`, `idType`, `idState`) VALUES ('71', 'Макет ПУ', '7.200.01.201.01.00.000', '0', '1', '7', '1');
INSERT INTO `mydb`.`product` (`id`, `name`, `code`, `isMain`, `count`, `idType`, `idState`) VALUES ('72', 'Макет ПБУ', 'МФ.02.000.00', '0', '1', '7', '1');
INSERT INTO `mydb`.`product` (`id`, `name`, `code`, `isMain`, `count`, `idType`, `idState`) VALUES ('73', 'Ведомость эксплуатационных документов', 'ТСЮИ.461214.006ВЭ', '0', '1', '5', '1');
INSERT INTO `mydb`.`product` (`id`, `name`, `code`, `isMain`, `count`, `idType`, `idState`) VALUES ('74', 'Ведомость эксплуатационных документов Лист ожидания', 'ТСЮИ.461214.006ВЭ-ЛУ', '0', '1', '5', '1');
INSERT INTO `mydb`.`product` (`id`, `name`, `code`, `isMain`, `count`, `idType`, `idState`) VALUES ('75', 'Комплект монтажных частей', 'ТСЮИ.461921.081', '0', '1', '5', '1');
INSERT INTO `mydb`.`product` (`id`, `name`, `code`, `isMain`, `count`, `idType`, `idState`) VALUES ('76', 'Комплект монтажных частей', 'ТСЮИ.461921.081-01', '0', '1', '5', '1');
INSERT INTO `mydb`.`product` (`id`, `name`, `code`, `isMain`, `count`, `idType`, `idState`) VALUES ('77', 'Комплект монтажных частей', 'ТСЮИ.461921.081-02', '0', '1', '5', '1');
INSERT INTO `mydb`.`product` (`id`, `name`, `code`, `isMain`, `count`, `idType`, `idState`) VALUES ('78', 'Комплект сменных частей Антенна', 'ТСЮИ.464659.139', '0', '1', '5', '1');
INSERT INTO `mydb`.`product` (`id`, `name`, `code`, `isMain`, `count`, `idType`, `idState`) VALUES ('79', 'Комплект запасных частей Модуль автономного питания МАП', 'ТСЮИ.436434.037', '0', '2', '5', '1');
INSERT INTO `mydb`.`product` (`id`, `name`, `code`, `isMain`, `count`, `idType`, `idState`) VALUES ('80', 'Комплект инструмента и принадлежностей', 'ТСЮИ.461924.050', '0', '1', '5', '1');
INSERT INTO `mydb`.`product` (`id`, `name`, `code`, `isMain`, `count`, `idType`, `idState`) VALUES ('81', 'Упаковка', 'ТСЮИ.305642.709', '0', '1', '5', '1');
INSERT INTO `mydb`.`product` (`id`, `name`, `code`, `isMain`, `count`, `idType`, `idState`) VALUES ('82', 'Упаковка', 'ТСЮИ.305642.710', '0', '1', '5', '1');
INSERT INTO `mydb`.`product` (`id`, `name`, `code`, `isMain`, `count`, `idType`, `idState`) VALUES ('83', 'Упаковка', 'ТСЮИ.305642.718', '0', '1', '5', '1');
INSERT INTO `mydb`.`product` (`id`, `name`, `code`, `isMain`, `count`, `idType`, `idState`) VALUES ('84', 'Схема электрическая соединения', 'ТСЮИ.461214.005Э4', '0', '1', '9', '1');
INSERT INTO `mydb`.`product` (`id`, `name`, `code`, `isMain`, `count`, `idType`, `idState`) VALUES ('85', 'Ведомость покупных изделий', 'ТСЮИ.461214.005ВП', '0', '1', '9', '1');
INSERT INTO `mydb`.`product` (`id`, `name`, `code`, `isMain`, `count`, `idType`, `idState`) VALUES ('86', 'Технические условия', 'ТСЮИ.461214.005ТУ', '0', '1', '9', '1');
INSERT INTO `mydb`.`product` (`id`, `name`, `code`, `isMain`, `count`, `idType`, `idState`) VALUES ('87', 'Технические условия Лист утверждения', 'ТСЮИ.461214.005ТУ-ЛУ', '0', '1', '9', '1');
INSERT INTO `mydb`.`product` (`id`, `name`, `code`, `isMain`, `count`, `idType`, `idState`) VALUES ('88', 'Руководство по эксплуатации', 'ТСЮИ.461214.005РЭ', '0', '1', '9', '1');
INSERT INTO `mydb`.`product` (`id`, `name`, `code`, `isMain`, `count`, `idType`, `idState`) VALUES ('89', 'Руководство по эксплуатации Лист утверждения', 'ТСЮИ.461214.005РЭ-ЛУ', '0', '1', '9', '1');
INSERT INTO `mydb`.`product` (`id`, `name`, `code`, `isMain`, `count`, `idType`, `idState`) VALUES ('90', 'Формуляр', 'ТСЮИ.461214.005ФО', '0', '1', '9', '1');
INSERT INTO `mydb`.`product` (`id`, `name`, `code`, `isMain`, `count`, `idType`, `idState`) VALUES ('91', 'Формуляр Лист утверждения', 'ТСЮИ.461214.005ФО-ЛУ', '0', '1', '9', '1');
INSERT INTO `mydb`.`product` (`id`, `name`, `code`, `isMain`, `count`, `idType`, `idState`) VALUES ('92', 'Ведомость ЗИП', 'ТСЮИ.461214.005ЗИ', '0', '1', '9', '1');
INSERT INTO `mydb`.`product` (`id`, `name`, `code`, `isMain`, `count`, `idType`, `idState`) VALUES ('93', 'Ведомость ЗИП Лист утверждения', 'ТСЮИ.461214.005ЗИ-ЛУ', '0', '1', '9', '1');
INSERT INTO `mydb`.`product` (`id`, `name`, `code`, `isMain`, `count`, `idType`, `idState`) VALUES ('94', 'Инструкция', 'КЛИВ.460829.003 И', '0', '1', '9', '1');
INSERT INTO `mydb`.`product` (`id`, `name`, `code`, `isMain`, `count`, `idType`, `idState`) VALUES ('95', 'Модуль базовый связи и управления МБСУ', 'ТСЮИ.468332.099', '0', '1', '1', '1');
INSERT INTO `mydb`.`product` (`id`, `name`, `code`, `isMain`, `count`, `idType`, `idState`) VALUES ('96', 'Кабель антенный', 'ТСЮИ.685661.461', '0', '1', '1', '1');
INSERT INTO `mydb`.`product` (`id`, `name`, `code`, `isMain`, `count`, `idType`, `idState`) VALUES ('97', 'Антенна вертикальная A5 UHF(M)-5', 'б/ш', '0', '1', '7', '1');
INSERT INTO `mydb`.`product` (`id`, `name`, `code`, `isMain`, `count`, `idType`, `idState`) VALUES ('98', 'Контейнер транспортно-пусковой унифицированный УТПК-С', 'МГИФ.776178.016ТУ', '0', '50', '7', '1');
INSERT INTO `mydb`.`product` (`id`, `name`, `code`, `isMain`, `count`, `idType`, `idState`) VALUES ('99', 'Ведомость эксплуатационных документов', 'ТСЮИ.461214.005ВЭ', '0', '1', '5', '1');
INSERT INTO `mydb`.`product` (`id`, `name`, `code`, `isMain`, `count`, `idType`, `idState`) VALUES ('100', 'Ведомость эксплуатационных документов Лист утверждения', 'ТСЮИ.461214.005ВЭ-ЛУ', '0', '1', '5', '1');
INSERT INTO `mydb`.`product` (`id`, `name`, `code`, `isMain`, `count`, `idType`, `idState`) VALUES ('101', 'Комплект монтажных частей', 'ТСЮИ.461921.081', '0', '1', '5', '1');
INSERT INTO `mydb`.`product` (`id`, `name`, `code`, `isMain`, `count`, `idType`, `idState`) VALUES ('102', 'Комплект монтажных частей', 'ТСЮИ.461921.081-01', '0', '1', '5', '1');
INSERT INTO `mydb`.`product` (`id`, `name`, `code`, `isMain`, `count`, `idType`, `idState`) VALUES ('103', 'Комплект монтажных частей', 'ТСЮИ.461921.081-02', '0', '1', '5', '1');
INSERT INTO `mydb`.`product` (`id`, `name`, `code`, `isMain`, `count`, `idType`, `idState`) VALUES ('104', 'Комплект сменных частей Антенна', 'ТСЮИ.464659.139', '0', '1', '5', '1');
INSERT INTO `mydb`.`product` (`id`, `name`, `code`, `isMain`, `count`, `idType`, `idState`) VALUES ('105', 'Комплект запасных частей Модуль автономного питания МАП', 'ТСЮИ.436434.037', '0', '4', '5', '1');
INSERT INTO `mydb`.`product` (`id`, `name`, `code`, `isMain`, `count`, `idType`, `idState`) VALUES ('106', 'Модуль  коммутации подрывов МКП', 'ТСЮИ.468347.042', '0', '1', '5', '1');
INSERT INTO `mydb`.`product` (`id`, `name`, `code`, `isMain`, `count`, `idType`, `idState`) VALUES ('107', 'Радиомодем Satelline ', 'б/ш', '0', '1', '5', '1');
INSERT INTO `mydb`.`product` (`id`, `name`, `code`, `isMain`, `count`, `idType`, `idState`) VALUES ('108', 'Комплект инструмента и принадлежностей', 'ТСЮИ.461924.050', '0', '1', '5', '1');
INSERT INTO `mydb`.`product` (`id`, `name`, `code`, `isMain`, `count`, `idType`, `idState`) VALUES ('109', 'Упаковка', 'ТСЮИ.305642.709', '0', '1', '5', '1');
INSERT INTO `mydb`.`product` (`id`, `name`, `code`, `isMain`, `count`, `idType`, `idState`) VALUES ('110', 'Упаковка', 'ТСЮИ.305642.710', '0', '1', '5', '1');
INSERT INTO `mydb`.`product` (`id`, `name`, `code`, `isMain`, `count`, `idType`, `idState`) VALUES ('111', 'Упаковка', 'ТСЮИ.305642.710', '0', '1', '5', '1');
INSERT INTO `mydb`.`product` (`id`, `name`, `code`, `isMain`, `count`, `idType`, `idState`) VALUES ('112', 'Схема электрическая  соединений', 'ТСЮИ.461963.002Э4', '0', '1', '9', '1');
INSERT INTO `mydb`.`product` (`id`, `name`, `code`, `isMain`, `count`, `idType`, `idState`) VALUES ('113', 'Ведомость покупных изделий', 'ТСЮИ.461963.002ВП', '0', '1', '9', '1');
INSERT INTO `mydb`.`product` (`id`, `name`, `code`, `isMain`, `count`, `idType`, `idState`) VALUES ('114', 'Технические условия', 'ТСЮИ.461963.002ТУ', '0', '1', '9', '1');
INSERT INTO `mydb`.`product` (`id`, `name`, `code`, `isMain`, `count`, `idType`, `idState`) VALUES ('115', 'Технические условия Лист утверждения', 'ТСЮИ.461963.002ТУ-ЛУ', '0', '1', '9', '1');
INSERT INTO `mydb`.`product` (`id`, `name`, `code`, `isMain`, `count`, `idType`, `idState`) VALUES ('116', 'Руководство по эксплуатации', 'ТСЮИ.461963.002РЭ', '0', '1', '9', '1');
INSERT INTO `mydb`.`product` (`id`, `name`, `code`, `isMain`, `count`, `idType`, `idState`) VALUES ('117', 'Руководство по эксплуатации Лист утверждения', 'ТСЮИ.461963.002РЭ-ЛУ', '0', '1', '9', '1');
INSERT INTO `mydb`.`product` (`id`, `name`, `code`, `isMain`, `count`, `idType`, `idState`) VALUES ('118', 'Формуляр', 'ТСЮИ.461963.002ФО', '0', '1', '9', '1');
INSERT INTO `mydb`.`product` (`id`, `name`, `code`, `isMain`, `count`, `idType`, `idState`) VALUES ('119', 'Формуляр лист утверждения', 'ТСЮИ.461963.002ФО-ЛУ', '0', '1', '9', '1');
INSERT INTO `mydb`.`product` (`id`, `name`, `code`, `isMain`, `count`, `idType`, `idState`) VALUES ('120', 'Ведомость ЗИП', 'ТСЮИ.461963.002ЗИ', '0', '1', '9', '1');
INSERT INTO `mydb`.`product` (`id`, `name`, `code`, `isMain`, `count`, `idType`, `idState`) VALUES ('121', 'Ведомость ЗИП Лист утверждения', 'ТСЮИ.461963.002ЗИ-ЛУ', '0', '1', '9', '1');
INSERT INTO `mydb`.`product` (`id`, `name`, `code`, `isMain`, `count`, `idType`, `idState`) VALUES ('122', 'Модуль автоматизированного контроля технологических операций ПАН МАК ПАН-С', 'ТСЮИ.465651.003', '0', '1', '1', '1');
INSERT INTO `mydb`.`product` (`id`, `name`, `code`, `isMain`, `count`, `idType`, `idState`) VALUES ('123', 'Батарея 1Э67М', 'ТУ 3482-038-20503890-2001', '0', '1', '7', '1');
INSERT INTO `mydb`.`product` (`id`, `name`, `code`, `isMain`, `count`, `idType`, `idState`) VALUES ('124', 'Приемопередающее устройство ППУ-21 ', 'ЖГДК.201161.047', '0', '1', '7', '1');
INSERT INTO `mydb`.`product` (`id`, `name`, `code`, `isMain`, `count`, `idType`, `idState`) VALUES ('125', 'Система наведения СН-3М', 'ЖГДК.303324.018', '0', '1', '7', '1');
INSERT INTO `mydb`.`product` (`id`, `name`, `code`, `isMain`, `count`, `idType`, `idState`) VALUES ('126', 'Ведомость эксплуатационных документов', 'ТСЮИ.461963.002ВЭ', '0', '1', '5', '1');
INSERT INTO `mydb`.`product` (`id`, `name`, `code`, `isMain`, `count`, `idType`, `idState`) VALUES ('127', 'Ведомость эксплуатационных документов Лист утверждения', 'ТСЮИ.461963.002ВЭ-ЛУ', '0', '1', '5', '1');
INSERT INTO `mydb`.`product` (`id`, `name`, `code`, `isMain`, `count`, `idType`, `idState`) VALUES ('128', 'Комплект сменных частей Антенна', 'ТСЮИ.464659.139', '0', '1', '5', '1');
INSERT INTO `mydb`.`product` (`id`, `name`, `code`, `isMain`, `count`, `idType`, `idState`) VALUES ('129', 'Упаковка', 'ТСЮИ.305642.719', '0', '1', '5', '1');
INSERT INTO `mydb`.`product` (`id`, `name`, `code`, `isMain`, `count`, `idType`, `idState`) VALUES ('130', 'Схема электрическая соединений', 'ТСЮИ.462989.004Э4', '0', '1', '9', '1');
INSERT INTO `mydb`.`product` (`id`, `name`, `code`, `isMain`, `count`, `idType`, `idState`) VALUES ('131', 'Схема электрическая подключения', 'ТСЮИ.462989.004Э5', '0', '1', '9', '1');
INSERT INTO `mydb`.`product` (`id`, `name`, `code`, `isMain`, `count`, `idType`, `idState`) VALUES ('132', 'Технические условия', 'ТСЮИ.462989.004ТУ', '0', '1', '9', '1');
INSERT INTO `mydb`.`product` (`id`, `name`, `code`, `isMain`, `count`, `idType`, `idState`) VALUES ('133', 'Технические условия Лист утверждения', 'ТСЮИ.462989.004ТУ-ЛУ', '0', '1', '9', '1');
INSERT INTO `mydb`.`product` (`id`, `name`, `code`, `isMain`, `count`, `idType`, `idState`) VALUES ('134', 'Руководство по эксплуатации', 'ТСЮИ.462989.004РЭ', '0', '1', '9', '1');
INSERT INTO `mydb`.`product` (`id`, `name`, `code`, `isMain`, `count`, `idType`, `idState`) VALUES ('135', 'Руководство по эксплуатации Лист утверждения', 'ТСЮИ.462989.004РЭ-ЛУ', '0', '1', '9', '1');
INSERT INTO `mydb`.`product` (`id`, `name`, `code`, `isMain`, `count`, `idType`, `idState`) VALUES ('136', 'Паспорт', 'ТСЮИ.462989.004ПС', '0', '1', '9', '1');
INSERT INTO `mydb`.`product` (`id`, `name`, `code`, `isMain`, `count`, `idType`, `idState`) VALUES ('137', 'Паспорт Лист утверждения', 'ТСЮИ.462989.004ПС-ЛУ', '0', '1', '9', '1');
INSERT INTO `mydb`.`product` (`id`, `name`, `code`, `isMain`, `count`, `idType`, `idState`) VALUES ('138', 'Ведомость ЗИП', 'ТСЮИ.462989.004ЗИ', '0', '1', '9', '1');
INSERT INTO `mydb`.`product` (`id`, `name`, `code`, `isMain`, `count`, `idType`, `idState`) VALUES ('139', 'Ведомость ЗИП Лист утверждения', 'ТСЮИ.462989.004ЗИ-ЛУ', '0', '1', '9', '1');
INSERT INTO `mydb`.`product` (`id`, `name`, `code`, `isMain`, `count`, `idType`, `idState`) VALUES ('140', 'Модуль сопряжения', 'ТСЮИ.468369.063', '0', '1', '1', '1');
INSERT INTO `mydb`.`product` (`id`, `name`, `code`, `isMain`, `count`, `idType`, `idState`) VALUES ('141', 'Контейнер подвесной унифицированный УПК', 'ТСЮИ.469678.002-01', '0', '1', '1', '1');
INSERT INTO `mydb`.`product` (`id`, `name`, `code`, `isMain`, `count`, `idType`, `idState`) VALUES ('142', 'Ведомость эксплуатационных документов', 'ТСЮИ.462989.004ВЭ', '0', '1', '5', '1');
INSERT INTO `mydb`.`product` (`id`, `name`, `code`, `isMain`, `count`, `idType`, `idState`) VALUES ('143', 'Ведомость эксплуатационных документов Лист утверждения', 'ТСЮИ.462989.004ВЭ-ЛУ', '0', '1', '5', '1');
INSERT INTO `mydb`.`product` (`id`, `name`, `code`, `isMain`, `count`, `idType`, `idState`) VALUES ('144', 'Комплект запасных частей Вставка плоская ВП2Б-1В-5А 250В', 'ОЮО.481.005ТУ-Р', '0', '4', '5', '1');
INSERT INTO `mydb`.`product` (`id`, `name`, `code`, `isMain`, `count`, `idType`, `idState`) VALUES ('145', 'Наконечник 2,5-4-ЛТ-05', 'ГОСТ 22002.1-82', '0', '2', '5', '1');


-- -------------- "Таблица parentchildlist"
INSERT INTO `mydb`.`parentchildlist` (`id`, `idParent`, `idChild`) VALUES ('1', '1', '2');
INSERT INTO `mydb`.`parentchildlist` (`id`, `idParent`, `idChild`) VALUES ('2', '1', '3');
INSERT INTO `mydb`.`parentchildlist` (`id`, `idParent`, `idChild`) VALUES ('3', '1', '4');
INSERT INTO `mydb`.`parentchildlist` (`id`, `idParent`, `idChild`) VALUES ('4', '1', '5');
INSERT INTO `mydb`.`parentchildlist` (`id`, `idParent`, `idChild`) VALUES ('5', '1', '6');
INSERT INTO `mydb`.`parentchildlist` (`id`, `idParent`, `idChild`) VALUES ('6', '1', '7');
INSERT INTO `mydb`.`parentchildlist` (`id`, `idParent`, `idChild`) VALUES ('7', '1', '8');
INSERT INTO `mydb`.`parentchildlist` (`id`, `idParent`, `idChild`) VALUES ('8', '1', '9');
INSERT INTO `mydb`.`parentchildlist` (`id`, `idParent`, `idChild`) VALUES ('9', '1', '10');
INSERT INTO `mydb`.`parentchildlist` (`id`, `idParent`, `idChild`) VALUES ('10', '1', '11');
INSERT INTO `mydb`.`parentchildlist` (`id`, `idParent`, `idChild`) VALUES ('11', '1', '12');
INSERT INTO `mydb`.`parentchildlist` (`id`, `idParent`, `idChild`) VALUES ('12', '1', '13');
INSERT INTO `mydb`.`parentchildlist` (`id`, `idParent`, `idChild`) VALUES ('13', '1', '14');
INSERT INTO `mydb`.`parentchildlist` (`id`, `idParent`, `idChild`) VALUES ('14', '1', '15');
INSERT INTO `mydb`.`parentchildlist` (`id`, `idParent`, `idChild`) VALUES ('15', '1', '16');
INSERT INTO `mydb`.`parentchildlist` (`id`, `idParent`, `idChild`) VALUES ('16', '1', '17');
INSERT INTO `mydb`.`parentchildlist` (`id`, `idParent`, `idChild`) VALUES ('17', '1', '18');
INSERT INTO `mydb`.`parentchildlist` (`id`, `idParent`, `idChild`) VALUES ('18', '1', '19');
INSERT INTO `mydb`.`parentchildlist` (`id`, `idParent`, `idChild`) VALUES ('19', '1', '20');
INSERT INTO `mydb`.`parentchildlist` (`id`, `idParent`, `idChild`) VALUES ('20', '1', '21');
INSERT INTO `mydb`.`parentchildlist` (`id`, `idParent`, `idChild`) VALUES ('21', '1', '22');
INSERT INTO `mydb`.`parentchildlist` (`id`, `idParent`, `idChild`) VALUES ('22', '7', '23');
INSERT INTO `mydb`.`parentchildlist` (`id`, `idParent`, `idChild`) VALUES ('23', '7', '24');
INSERT INTO `mydb`.`parentchildlist` (`id`, `idParent`, `idChild`) VALUES ('24', '7', '25');
INSERT INTO `mydb`.`parentchildlist` (`id`, `idParent`, `idChild`) VALUES ('25', '7', '26');
INSERT INTO `mydb`.`parentchildlist` (`id`, `idParent`, `idChild`) VALUES ('26', '7', '27');
INSERT INTO `mydb`.`parentchildlist` (`id`, `idParent`, `idChild`) VALUES ('27', '7', '28');
INSERT INTO `mydb`.`parentchildlist` (`id`, `idParent`, `idChild`) VALUES ('28', '7', '29');
INSERT INTO `mydb`.`parentchildlist` (`id`, `idParent`, `idChild`) VALUES ('29', '7', '30');
INSERT INTO `mydb`.`parentchildlist` (`id`, `idParent`, `idChild`) VALUES ('30', '7', '31');
INSERT INTO `mydb`.`parentchildlist` (`id`, `idParent`, `idChild`) VALUES ('31', '7', '32');
INSERT INTO `mydb`.`parentchildlist` (`id`, `idParent`, `idChild`) VALUES ('32', '7', '33');
INSERT INTO `mydb`.`parentchildlist` (`id`, `idParent`, `idChild`) VALUES ('33', '7', '34');
INSERT INTO `mydb`.`parentchildlist` (`id`, `idParent`, `idChild`) VALUES ('34', '7', '35');
INSERT INTO `mydb`.`parentchildlist` (`id`, `idParent`, `idChild`) VALUES ('35', '7', '36');
INSERT INTO `mydb`.`parentchildlist` (`id`, `idParent`, `idChild`) VALUES ('36', '7', '37');
INSERT INTO `mydb`.`parentchildlist` (`id`, `idParent`, `idChild`) VALUES ('37', '7', '38');
INSERT INTO `mydb`.`parentchildlist` (`id`, `idParent`, `idChild`) VALUES ('38', '7', '39');
INSERT INTO `mydb`.`parentchildlist` (`id`, `idParent`, `idChild`) VALUES ('39', '7', '40');
INSERT INTO `mydb`.`parentchildlist` (`id`, `idParent`, `idChild`) VALUES ('40', '7', '41');
INSERT INTO `mydb`.`parentchildlist` (`id`, `idParent`, `idChild`) VALUES ('41', '7', '42');
INSERT INTO `mydb`.`parentchildlist` (`id`, `idParent`, `idChild`) VALUES ('42', '7', '43');
INSERT INTO `mydb`.`parentchildlist` (`id`, `idParent`, `idChild`) VALUES ('43', '7', '44');
INSERT INTO `mydb`.`parentchildlist` (`id`, `idParent`, `idChild`) VALUES ('44', '7', '45');
INSERT INTO `mydb`.`parentchildlist` (`id`, `idParent`, `idChild`) VALUES ('45', '7', '46');
INSERT INTO `mydb`.`parentchildlist` (`id`, `idParent`, `idChild`) VALUES ('46', '7', '47');
INSERT INTO `mydb`.`parentchildlist` (`id`, `idParent`, `idChild`) VALUES ('47', '7', '48');
INSERT INTO `mydb`.`parentchildlist` (`id`, `idParent`, `idChild`) VALUES ('48', '7', '49');
INSERT INTO `mydb`.`parentchildlist` (`id`, `idParent`, `idChild`) VALUES ('49', '7', '50');
INSERT INTO `mydb`.`parentchildlist` (`id`, `idParent`, `idChild`) VALUES ('50', '7', '51');
INSERT INTO `mydb`.`parentchildlist` (`id`, `idParent`, `idChild`) VALUES ('51', '7', '52');
INSERT INTO `mydb`.`parentchildlist` (`id`, `idParent`, `idChild`) VALUES ('52', '7', '53');
INSERT INTO `mydb`.`parentchildlist` (`id`, `idParent`, `idChild`) VALUES ('53', '7', '54');
INSERT INTO `mydb`.`parentchildlist` (`id`, `idParent`, `idChild`) VALUES ('54', '3', '55');
INSERT INTO `mydb`.`parentchildlist` (`id`, `idParent`, `idChild`) VALUES ('55', '3', '56');
INSERT INTO `mydb`.`parentchildlist` (`id`, `idParent`, `idChild`) VALUES ('56', '3', '57');
INSERT INTO `mydb`.`parentchildlist` (`id`, `idParent`, `idChild`) VALUES ('57', '3', '58');
INSERT INTO `mydb`.`parentchildlist` (`id`, `idParent`, `idChild`) VALUES ('58', '3', '59');
INSERT INTO `mydb`.`parentchildlist` (`id`, `idParent`, `idChild`) VALUES ('59', '3', '60');
INSERT INTO `mydb`.`parentchildlist` (`id`, `idParent`, `idChild`) VALUES ('60', '3', '61');
INSERT INTO `mydb`.`parentchildlist` (`id`, `idParent`, `idChild`) VALUES ('61', '3', '62');
INSERT INTO `mydb`.`parentchildlist` (`id`, `idParent`, `idChild`) VALUES ('62', '3', '63');
INSERT INTO `mydb`.`parentchildlist` (`id`, `idParent`, `idChild`) VALUES ('63', '3', '64');
INSERT INTO `mydb`.`parentchildlist` (`id`, `idParent`, `idChild`) VALUES ('64', '3', '65');
INSERT INTO `mydb`.`parentchildlist` (`id`, `idParent`, `idChild`) VALUES ('65', '3', '66');
INSERT INTO `mydb`.`parentchildlist` (`id`, `idParent`, `idChild`) VALUES ('66', '3', '67');
INSERT INTO `mydb`.`parentchildlist` (`id`, `idParent`, `idChild`) VALUES ('67', '3', '68');
INSERT INTO `mydb`.`parentchildlist` (`id`, `idParent`, `idChild`) VALUES ('68', '3', '69');
INSERT INTO `mydb`.`parentchildlist` (`id`, `idParent`, `idChild`) VALUES ('69', '3', '70');
INSERT INTO `mydb`.`parentchildlist` (`id`, `idParent`, `idChild`) VALUES ('70', '3', '71');
INSERT INTO `mydb`.`parentchildlist` (`id`, `idParent`, `idChild`) VALUES ('71', '3', '72');
INSERT INTO `mydb`.`parentchildlist` (`id`, `idParent`, `idChild`) VALUES ('72', '3', '73');
INSERT INTO `mydb`.`parentchildlist` (`id`, `idParent`, `idChild`) VALUES ('73', '3', '74');
INSERT INTO `mydb`.`parentchildlist` (`id`, `idParent`, `idChild`) VALUES ('74', '3', '75');
INSERT INTO `mydb`.`parentchildlist` (`id`, `idParent`, `idChild`) VALUES ('75', '3', '76');
INSERT INTO `mydb`.`parentchildlist` (`id`, `idParent`, `idChild`) VALUES ('76', '3', '77');
INSERT INTO `mydb`.`parentchildlist` (`id`, `idParent`, `idChild`) VALUES ('77', '3', '78');
INSERT INTO `mydb`.`parentchildlist` (`id`, `idParent`, `idChild`) VALUES ('78', '3', '79');
INSERT INTO `mydb`.`parentchildlist` (`id`, `idParent`, `idChild`) VALUES ('79', '3', '80');
INSERT INTO `mydb`.`parentchildlist` (`id`, `idParent`, `idChild`) VALUES ('80', '3', '81');
INSERT INTO `mydb`.`parentchildlist` (`id`, `idParent`, `idChild`) VALUES ('81', '3', '82');
INSERT INTO `mydb`.`parentchildlist` (`id`, `idParent`, `idChild`) VALUES ('82', '3', '83');
INSERT INTO `mydb`.`parentchildlist` (`id`, `idParent`, `idChild`) VALUES ('83', '2', '84');
INSERT INTO `mydb`.`parentchildlist` (`id`, `idParent`, `idChild`) VALUES ('84', '2', '85');
INSERT INTO `mydb`.`parentchildlist` (`id`, `idParent`, `idChild`) VALUES ('85', '2', '86');
INSERT INTO `mydb`.`parentchildlist` (`id`, `idParent`, `idChild`) VALUES ('86', '2', '87');
INSERT INTO `mydb`.`parentchildlist` (`id`, `idParent`, `idChild`) VALUES ('87', '2', '88');
INSERT INTO `mydb`.`parentchildlist` (`id`, `idParent`, `idChild`) VALUES ('88', '2', '89');
INSERT INTO `mydb`.`parentchildlist` (`id`, `idParent`, `idChild`) VALUES ('89', '2', '90');
INSERT INTO `mydb`.`parentchildlist` (`id`, `idParent`, `idChild`) VALUES ('90', '2', '91');
INSERT INTO `mydb`.`parentchildlist` (`id`, `idParent`, `idChild`) VALUES ('91', '2', '92');
INSERT INTO `mydb`.`parentchildlist` (`id`, `idParent`, `idChild`) VALUES ('92', '2', '93');
INSERT INTO `mydb`.`parentchildlist` (`id`, `idParent`, `idChild`) VALUES ('93', '2', '94');
INSERT INTO `mydb`.`parentchildlist` (`id`, `idParent`, `idChild`) VALUES ('94', '2', '95');
INSERT INTO `mydb`.`parentchildlist` (`id`, `idParent`, `idChild`) VALUES ('95', '2', '96');
INSERT INTO `mydb`.`parentchildlist` (`id`, `idParent`, `idChild`) VALUES ('96', '2', '97');
INSERT INTO `mydb`.`parentchildlist` (`id`, `idParent`, `idChild`) VALUES ('97', '2', '98');
INSERT INTO `mydb`.`parentchildlist` (`id`, `idParent`, `idChild`) VALUES ('98', '2', '99');
INSERT INTO `mydb`.`parentchildlist` (`id`, `idParent`, `idChild`) VALUES ('99', '2', '100');
INSERT INTO `mydb`.`parentchildlist` (`id`, `idParent`, `idChild`) VALUES ('100', '2', '101');
INSERT INTO `mydb`.`parentchildlist` (`id`, `idParent`, `idChild`) VALUES ('101', '2', '102');
INSERT INTO `mydb`.`parentchildlist` (`id`, `idParent`, `idChild`) VALUES ('102', '2', '103');
INSERT INTO `mydb`.`parentchildlist` (`id`, `idParent`, `idChild`) VALUES ('103', '2', '104');
INSERT INTO `mydb`.`parentchildlist` (`id`, `idParent`, `idChild`) VALUES ('104', '2', '105');
INSERT INTO `mydb`.`parentchildlist` (`id`, `idParent`, `idChild`) VALUES ('105', '2', '106');
INSERT INTO `mydb`.`parentchildlist` (`id`, `idParent`, `idChild`) VALUES ('106', '2', '107');
INSERT INTO `mydb`.`parentchildlist` (`id`, `idParent`, `idChild`) VALUES ('107', '2', '108');
INSERT INTO `mydb`.`parentchildlist` (`id`, `idParent`, `idChild`) VALUES ('108', '2', '109');
INSERT INTO `mydb`.`parentchildlist` (`id`, `idParent`, `idChild`) VALUES ('109', '2', '110');
INSERT INTO `mydb`.`parentchildlist` (`id`, `idParent`, `idChild`) VALUES ('110', '2', '111');
INSERT INTO `mydb`.`parentchildlist` (`id`, `idParent`, `idChild`) VALUES ('111', '4', '112');
INSERT INTO `mydb`.`parentchildlist` (`id`, `idParent`, `idChild`) VALUES ('112', '4', '113');
INSERT INTO `mydb`.`parentchildlist` (`id`, `idParent`, `idChild`) VALUES ('113', '4', '114');
INSERT INTO `mydb`.`parentchildlist` (`id`, `idParent`, `idChild`) VALUES ('114', '4', '115');
INSERT INTO `mydb`.`parentchildlist` (`id`, `idParent`, `idChild`) VALUES ('115', '4', '116');
INSERT INTO `mydb`.`parentchildlist` (`id`, `idParent`, `idChild`) VALUES ('116', '4', '117');
INSERT INTO `mydb`.`parentchildlist` (`id`, `idParent`, `idChild`) VALUES ('117', '4', '118');
INSERT INTO `mydb`.`parentchildlist` (`id`, `idParent`, `idChild`) VALUES ('118', '4', '119');
INSERT INTO `mydb`.`parentchildlist` (`id`, `idParent`, `idChild`) VALUES ('119', '4', '120');
INSERT INTO `mydb`.`parentchildlist` (`id`, `idParent`, `idChild`) VALUES ('120', '4', '121');
INSERT INTO `mydb`.`parentchildlist` (`id`, `idParent`, `idChild`) VALUES ('121', '4', '122');
INSERT INTO `mydb`.`parentchildlist` (`id`, `idParent`, `idChild`) VALUES ('122', '4', '123');
INSERT INTO `mydb`.`parentchildlist` (`id`, `idParent`, `idChild`) VALUES ('123', '4', '124');
INSERT INTO `mydb`.`parentchildlist` (`id`, `idParent`, `idChild`) VALUES ('124', '4', '125');
INSERT INTO `mydb`.`parentchildlist` (`id`, `idParent`, `idChild`) VALUES ('125', '4', '126');
INSERT INTO `mydb`.`parentchildlist` (`id`, `idParent`, `idChild`) VALUES ('126', '4', '127');
INSERT INTO `mydb`.`parentchildlist` (`id`, `idParent`, `idChild`) VALUES ('127', '4', '128');
INSERT INTO `mydb`.`parentchildlist` (`id`, `idParent`, `idChild`) VALUES ('128', '4', '129');
INSERT INTO `mydb`.`parentchildlist` (`id`, `idParent`, `idChild`) VALUES ('129', '5', '130');
INSERT INTO `mydb`.`parentchildlist` (`id`, `idParent`, `idChild`) VALUES ('130', '5', '131');
INSERT INTO `mydb`.`parentchildlist` (`id`, `idParent`, `idChild`) VALUES ('131', '5', '132');
INSERT INTO `mydb`.`parentchildlist` (`id`, `idParent`, `idChild`) VALUES ('132', '5', '133');
INSERT INTO `mydb`.`parentchildlist` (`id`, `idParent`, `idChild`) VALUES ('133', '5', '134');
INSERT INTO `mydb`.`parentchildlist` (`id`, `idParent`, `idChild`) VALUES ('134', '5', '135');
INSERT INTO `mydb`.`parentchildlist` (`id`, `idParent`, `idChild`) VALUES ('135', '5', '136');
INSERT INTO `mydb`.`parentchildlist` (`id`, `idParent`, `idChild`) VALUES ('136', '5', '137');
INSERT INTO `mydb`.`parentchildlist` (`id`, `idParent`, `idChild`) VALUES ('137', '5', '138');
INSERT INTO `mydb`.`parentchildlist` (`id`, `idParent`, `idChild`) VALUES ('138', '5', '139');
INSERT INTO `mydb`.`parentchildlist` (`id`, `idParent`, `idChild`) VALUES ('139', '5', '140');
INSERT INTO `mydb`.`parentchildlist` (`id`, `idParent`, `idChild`) VALUES ('140', '5', '141');
INSERT INTO `mydb`.`parentchildlist` (`id`, `idParent`, `idChild`) VALUES ('141', '5', '142');
INSERT INTO `mydb`.`parentchildlist` (`id`, `idParent`, `idChild`) VALUES ('142', '5', '143');
INSERT INTO `mydb`.`parentchildlist` (`id`, `idParent`, `idChild`) VALUES ('143', '5', '144');
INSERT INTO `mydb`.`parentchildlist` (`id`, `idParent`, `idChild`) VALUES ('144', '5', '145');
INSERT INTO `mydb`.`parentchildlist` (`id`, `idParent`, `idChild`) VALUES ('145', '6', '130');
INSERT INTO `mydb`.`parentchildlist` (`id`, `idParent`, `idChild`) VALUES ('146', '6', '131');
INSERT INTO `mydb`.`parentchildlist` (`id`, `idParent`, `idChild`) VALUES ('147', '6', '132');
INSERT INTO `mydb`.`parentchildlist` (`id`, `idParent`, `idChild`) VALUES ('148', '6', '133');
INSERT INTO `mydb`.`parentchildlist` (`id`, `idParent`, `idChild`) VALUES ('149', '6', '134');
INSERT INTO `mydb`.`parentchildlist` (`id`, `idParent`, `idChild`) VALUES ('150', '6', '135');
INSERT INTO `mydb`.`parentchildlist` (`id`, `idParent`, `idChild`) VALUES ('151', '6', '136');
INSERT INTO `mydb`.`parentchildlist` (`id`, `idParent`, `idChild`) VALUES ('152', '6', '137');
INSERT INTO `mydb`.`parentchildlist` (`id`, `idParent`, `idChild`) VALUES ('153', '6', '138');
INSERT INTO `mydb`.`parentchildlist` (`id`, `idParent`, `idChild`) VALUES ('154', '6', '139');
INSERT INTO `mydb`.`parentchildlist` (`id`, `idParent`, `idChild`) VALUES ('155', '6', '140');
INSERT INTO `mydb`.`parentchildlist` (`id`, `idParent`, `idChild`) VALUES ('156', '6', '141');
INSERT INTO `mydb`.`parentchildlist` (`id`, `idParent`, `idChild`) VALUES ('157', '6', '142');
INSERT INTO `mydb`.`parentchildlist` (`id`, `idParent`, `idChild`) VALUES ('158', '6', '143');
INSERT INTO `mydb`.`parentchildlist` (`id`, `idParent`, `idChild`) VALUES ('159', '6', '144');
INSERT INTO `mydb`.`parentchildlist` (`id`, `idParent`, `idChild`) VALUES ('160', '6', '145');



